SQL> 
SQL> select distinct department_id, job_id from employees;

DEPARTMENT_ID JOB_ID                                                            
------------- ----------                                                        
          110 AC_ACCOUNT                                                        
           90 AD_VP                                                             
           50 ST_CLERK                                                          
           80 SA_REP                                                            
           50 ST_MAN                                                            
           80 SA_MAN                                                            
          110 AC_MGR                                                            
           90 AD_PRES                                                           
           60 IT_PROG                                                           
          100 FI_MGR                                                            
           30 PU_CLERK                                                          

DEPARTMENT_ID JOB_ID                                                            
------------- ----------                                                        
           50 SH_CLERK                                                          
           20 MK_MAN                                                            
          100 FI_ACCOUNT                                                        
              SA_REP                                                            
           70 PR_REP                                                            
           30 PU_MAN                                                            
           10 AD_ASST                                                           
           20 MK_REP                                                            
           40 HR_REP                                                            

20 rows selected.

SQL> spool off;
SQL> select last_name , salary
  2  from employees
  3  where salary between 2500 and 5000;

LAST_NAME                     SALARY                                            
------------------------- ----------                                            
Austin                          4800                                            
Pataballa                       4800                                            
Lorentz                         4200                                            
Khoo                            3100                                            
Baida                           2900                                            
Tobias                          2800                                            
Himuro                          2600                                            
Colmenares                      2500                                            
Nayer                           3200                                            
Mikkilineni                     2700                                            
Bissot                          3300                                            

LAST_NAME                     SALARY                                            
------------------------- ----------                                            
Atkinson                        2800                                            
Marlow                          2500                                            
Mallin                          3300                                            
Rogers                          2900                                            
Ladwig                          3600                                            
Stiles                          3200                                            
Seo                             2700                                            
Patel                           2500                                            
Rajs                            3500                                            
Davies                          3100                                            
Matos                           2600                                            

LAST_NAME                     SALARY                                            
------------------------- ----------                                            
Vargas                          2500                                            
Taylor                          3200                                            
Fleaur                          3100                                            
Sullivan                        2500                                            
Geoni                           2800                                            
Sarchand                        4200                                            
Bull                            4100                                            
Dellinger                       3400                                            
Cabrio                          3000                                            
Chung                           3800                                            
Dilly                           3600                                            

LAST_NAME                     SALARY                                            
------------------------- ----------                                            
Gates                           2900                                            
Perkins                         2500                                            
Bell                            4000                                            
Everett                         3900                                            
McCain                          3200                                            
Jones                           2800                                            
Walsh                           3100                                            
Feeney                          3000                                            
OConnell                        2600                                            
Grant                           2600                                            
Whalen                          4400                                            

44 rows selected.

SQL> select last_name , salary
  2  from employees
  3  where salary >=2500 and salary<=5000;

LAST_NAME                     SALARY                                            
------------------------- ----------                                            
Austin                          4800                                            
Pataballa                       4800                                            
Lorentz                         4200                                            
Khoo                            3100                                            
Baida                           2900                                            
Tobias                          2800                                            
Himuro                          2600                                            
Colmenares                      2500                                            
Nayer                           3200                                            
Mikkilineni                     2700                                            
Bissot                          3300                                            

LAST_NAME                     SALARY                                            
------------------------- ----------                                            
Atkinson                        2800                                            
Marlow                          2500                                            
Mallin                          3300                                            
Rogers                          2900                                            
Ladwig                          3600                                            
Stiles                          3200                                            
Seo                             2700                                            
Patel                           2500                                            
Rajs                            3500                                            
Davies                          3100                                            
Matos                           2600                                            

LAST_NAME                     SALARY                                            
------------------------- ----------                                            
Vargas                          2500                                            
Taylor                          3200                                            
Fleaur                          3100                                            
Sullivan                        2500                                            
Geoni                           2800                                            
Sarchand                        4200                                            
Bull                            4100                                            
Dellinger                       3400                                            
Cabrio                          3000                                            
Chung                           3800                                            
Dilly                           3600                                            

LAST_NAME                     SALARY                                            
------------------------- ----------                                            
Gates                           2900                                            
Perkins                         2500                                            
Bell                            4000                                            
Everett                         3900                                            
McCain                          3200                                            
Jones                           2800                                            
Walsh                           3100                                            
Feeney                          3000                                            
OConnell                        2600                                            
Grant                           2600                                            
Whalen                          4400                                            

44 rows selected.

SQL> select * from employees
  2  where department_id in(30,50,60);

EMPLOYEE_ID FIRST_NAME           LAST_NAME                                      
----------- -------------------- -------------------------                      
EMAIL                     PHONE_NUMBER         HIRE_DATE JOB_ID         SALARY  
------------------------- -------------------- --------- ---------- ----------  
COMMISSION_PCT MANAGER_ID DEPARTMENT_ID                                         
-------------- ---------- -------------                                         
        103 Alexander            Hunold                                         
AHUNOLD                   590.423.4567         03-JAN-06 IT_PROG          9000  
                      102            60                                         
                                                                                
        104 Bruce                Ernst                                          
BERNST                    590.423.4568         21-MAY-07 IT_PROG          6000  
                      103            60                                         

EMPLOYEE_ID FIRST_NAME           LAST_NAME                                      
----------- -------------------- -------------------------                      
EMAIL                     PHONE_NUMBER         HIRE_DATE JOB_ID         SALARY  
------------------------- -------------------- --------- ---------- ----------  
COMMISSION_PCT MANAGER_ID DEPARTMENT_ID                                         
-------------- ---------- -------------                                         
                                                                                
        105 David                Austin                                         
DAUSTIN                   590.423.4569         25-JUN-05 IT_PROG          4800  
                      103            60                                         
                                                                                
        106 Valli                Pataballa                                      
VPATABAL                  590.423.4560         05-FEB-06 IT_PROG          4800  

EMPLOYEE_ID FIRST_NAME           LAST_NAME                                      
----------- -------------------- -------------------------                      
EMAIL                     PHONE_NUMBER         HIRE_DATE JOB_ID         SALARY  
------------------------- -------------------- --------- ---------- ----------  
COMMISSION_PCT MANAGER_ID DEPARTMENT_ID                                         
-------------- ---------- -------------                                         
                      103            60                                         
                                                                                
        107 Diana                Lorentz                                        
DLORENTZ                  590.423.5567         07-FEB-07 IT_PROG          4200  
                      103            60                                         
                                                                                
        114 Den                  Raphaely                                       

EMPLOYEE_ID FIRST_NAME           LAST_NAME                                      
----------- -------------------- -------------------------                      
EMAIL                     PHONE_NUMBER         HIRE_DATE JOB_ID         SALARY  
------------------------- -------------------- --------- ---------- ----------  
COMMISSION_PCT MANAGER_ID DEPARTMENT_ID                                         
-------------- ---------- -------------                                         
DRAPHEAL                  515.127.4561         07-DEC-02 PU_MAN          11000  
                      100            30                                         
                                                                                
        115 Alexander            Khoo                                           
AKHOO                     515.127.4562         18-MAY-03 PU_CLERK         3100  
                      114            30                                         
                                                                                

EMPLOYEE_ID FIRST_NAME           LAST_NAME                                      
----------- -------------------- -------------------------                      
EMAIL                     PHONE_NUMBER         HIRE_DATE JOB_ID         SALARY  
------------------------- -------------------- --------- ---------- ----------  
COMMISSION_PCT MANAGER_ID DEPARTMENT_ID                                         
-------------- ---------- -------------                                         
        116 Shelli               Baida                                          
SBAIDA                    515.127.4563         24-DEC-05 PU_CLERK         2900  
                      114            30                                         
                                                                                
        117 Sigal                Tobias                                         
STOBIAS                   515.127.4564         24-JUL-05 PU_CLERK         2800  
                      114            30                                         

EMPLOYEE_ID FIRST_NAME           LAST_NAME                                      
----------- -------------------- -------------------------                      
EMAIL                     PHONE_NUMBER         HIRE_DATE JOB_ID         SALARY  
------------------------- -------------------- --------- ---------- ----------  
COMMISSION_PCT MANAGER_ID DEPARTMENT_ID                                         
-------------- ---------- -------------                                         
                                                                                
        118 Guy                  Himuro                                         
GHIMURO                   515.127.4565         15-NOV-06 PU_CLERK         2600  
                      114            30                                         
                                                                                
        119 Karen                Colmenares                                     
KCOLMENA                  515.127.4566         10-AUG-07 PU_CLERK         2500  

EMPLOYEE_ID FIRST_NAME           LAST_NAME                                      
----------- -------------------- -------------------------                      
EMAIL                     PHONE_NUMBER         HIRE_DATE JOB_ID         SALARY  
------------------------- -------------------- --------- ---------- ----------  
COMMISSION_PCT MANAGER_ID DEPARTMENT_ID                                         
-------------- ---------- -------------                                         
                      114            30                                         
                                                                                
        120 Matthew              Weiss                                          
MWEISS                    650.123.1234         18-JUL-04 ST_MAN           8000  
                      100            50                                         
                                                                                
        121 Adam                 Fripp                                          

EMPLOYEE_ID FIRST_NAME           LAST_NAME                                      
----------- -------------------- -------------------------                      
EMAIL                     PHONE_NUMBER         HIRE_DATE JOB_ID         SALARY  
------------------------- -------------------- --------- ---------- ----------  
COMMISSION_PCT MANAGER_ID DEPARTMENT_ID                                         
-------------- ---------- -------------                                         
AFRIPP                    650.123.2234         10-APR-05 ST_MAN           8200  
                      100            50                                         
                                                                                
        122 Payam                Kaufling                                       
PKAUFLIN                  650.123.3234         01-MAY-03 ST_MAN           7900  
                      100            50                                         
                                                                                

EMPLOYEE_ID FIRST_NAME           LAST_NAME                                      
----------- -------------------- -------------------------                      
EMAIL                     PHONE_NUMBER         HIRE_DATE JOB_ID         SALARY  
------------------------- -------------------- --------- ---------- ----------  
COMMISSION_PCT MANAGER_ID DEPARTMENT_ID                                         
-------------- ---------- -------------                                         
        123 Shanta               Vollman                                        
SVOLLMAN                  650.123.4234         10-OCT-05 ST_MAN           6500  
                      100            50                                         
                                                                                
        124 Kevin                Mourgos                                        
KMOURGOS                  650.123.5234         16-NOV-07 ST_MAN           5800  
                      100            50                                         

EMPLOYEE_ID FIRST_NAME           LAST_NAME                                      
----------- -------------------- -------------------------                      
EMAIL                     PHONE_NUMBER         HIRE_DATE JOB_ID         SALARY  
------------------------- -------------------- --------- ---------- ----------  
COMMISSION_PCT MANAGER_ID DEPARTMENT_ID                                         
-------------- ---------- -------------                                         
                                                                                
        125 Julia                Nayer                                          
JNAYER                    650.124.1214         16-JUL-05 ST_CLERK         3200  
                      120            50                                         
                                                                                
        126 Irene                Mikkilineni                                    
IMIKKILI                  650.124.1224         28-SEP-06 ST_CLERK         2700  

EMPLOYEE_ID FIRST_NAME           LAST_NAME                                      
----------- -------------------- -------------------------                      
EMAIL                     PHONE_NUMBER         HIRE_DATE JOB_ID         SALARY  
------------------------- -------------------- --------- ---------- ----------  
COMMISSION_PCT MANAGER_ID DEPARTMENT_ID                                         
-------------- ---------- -------------                                         
                      120            50                                         
                                                                                
        127 James                Landry                                         
JLANDRY                   650.124.1334         14-JAN-07 ST_CLERK         2400  
                      120            50                                         
                                                                                
        128 Steven               Markle                                         

EMPLOYEE_ID FIRST_NAME           LAST_NAME                                      
----------- -------------------- -------------------------                      
EMAIL                     PHONE_NUMBER         HIRE_DATE JOB_ID         SALARY  
------------------------- -------------------- --------- ---------- ----------  
COMMISSION_PCT MANAGER_ID DEPARTMENT_ID                                         
-------------- ---------- -------------                                         
SMARKLE                   650.124.1434         08-MAR-08 ST_CLERK         2200  
                      120            50                                         
                                                                                
        129 Laura                Bissot                                         
LBISSOT                   650.124.5234         20-AUG-05 ST_CLERK         3300  
                      121            50                                         
                                                                                

EMPLOYEE_ID FIRST_NAME           LAST_NAME                                      
----------- -------------------- -------------------------                      
EMAIL                     PHONE_NUMBER         HIRE_DATE JOB_ID         SALARY  
------------------------- -------------------- --------- ---------- ----------  
COMMISSION_PCT MANAGER_ID DEPARTMENT_ID                                         
-------------- ---------- -------------                                         
        130 Mozhe                Atkinson                                       
MATKINSO                  650.124.6234         30-OCT-05 ST_CLERK         2800  
                      121            50                                         
                                                                                
        131 James                Marlow                                         
JAMRLOW                   650.124.7234         16-FEB-05 ST_CLERK         2500  
                      121            50                                         

EMPLOYEE_ID FIRST_NAME           LAST_NAME                                      
----------- -------------------- -------------------------                      
EMAIL                     PHONE_NUMBER         HIRE_DATE JOB_ID         SALARY  
------------------------- -------------------- --------- ---------- ----------  
COMMISSION_PCT MANAGER_ID DEPARTMENT_ID                                         
-------------- ---------- -------------                                         
                                                                                
        132 TJ                   Olson                                          
TJOLSON                   650.124.8234         10-APR-07 ST_CLERK         2100  
                      121            50                                         
                                                                                
        133 Jason                Mallin                                         
JMALLIN                   650.127.1934         14-JUN-04 ST_CLERK         3300  

EMPLOYEE_ID FIRST_NAME           LAST_NAME                                      
----------- -------------------- -------------------------                      
EMAIL                     PHONE_NUMBER         HIRE_DATE JOB_ID         SALARY  
------------------------- -------------------- --------- ---------- ----------  
COMMISSION_PCT MANAGER_ID DEPARTMENT_ID                                         
-------------- ---------- -------------                                         
                      122            50                                         
                                                                                
        134 Michael              Rogers                                         
MROGERS                   650.127.1834         26-AUG-06 ST_CLERK         2900  
                      122            50                                         
                                                                                
        135 Ki                   Gee                                            

EMPLOYEE_ID FIRST_NAME           LAST_NAME                                      
----------- -------------------- -------------------------                      
EMAIL                     PHONE_NUMBER         HIRE_DATE JOB_ID         SALARY  
------------------------- -------------------- --------- ---------- ----------  
COMMISSION_PCT MANAGER_ID DEPARTMENT_ID                                         
-------------- ---------- -------------                                         
KGEE                      650.127.1734         12-DEC-07 ST_CLERK         2400  
                      122            50                                         
                                                                                
        136 Hazel                Philtanker                                     
HPHILTAN                  650.127.1634         06-FEB-08 ST_CLERK         2200  
                      122            50                                         
                                                                                

EMPLOYEE_ID FIRST_NAME           LAST_NAME                                      
----------- -------------------- -------------------------                      
EMAIL                     PHONE_NUMBER         HIRE_DATE JOB_ID         SALARY  
------------------------- -------------------- --------- ---------- ----------  
COMMISSION_PCT MANAGER_ID DEPARTMENT_ID                                         
-------------- ---------- -------------                                         
        137 Renske               Ladwig                                         
RLADWIG                   650.121.1234         14-JUL-03 ST_CLERK         3600  
                      123            50                                         
                                                                                
        138 Stephen              Stiles                                         
SSTILES                   650.121.2034         26-OCT-05 ST_CLERK         3200  
                      123            50                                         

EMPLOYEE_ID FIRST_NAME           LAST_NAME                                      
----------- -------------------- -------------------------                      
EMAIL                     PHONE_NUMBER         HIRE_DATE JOB_ID         SALARY  
------------------------- -------------------- --------- ---------- ----------  
COMMISSION_PCT MANAGER_ID DEPARTMENT_ID                                         
-------------- ---------- -------------                                         
                                                                                
        139 John                 Seo                                            
JSEO                      650.121.2019         12-FEB-06 ST_CLERK         2700  
                      123            50                                         
                                                                                
        140 Joshua               Patel                                          
JPATEL                    650.121.1834         06-APR-06 ST_CLERK         2500  

EMPLOYEE_ID FIRST_NAME           LAST_NAME                                      
----------- -------------------- -------------------------                      
EMAIL                     PHONE_NUMBER         HIRE_DATE JOB_ID         SALARY  
------------------------- -------------------- --------- ---------- ----------  
COMMISSION_PCT MANAGER_ID DEPARTMENT_ID                                         
-------------- ---------- -------------                                         
                      123            50                                         
                                                                                
        141 Trenna               Rajs                                           
TRAJS                     650.121.8009         17-OCT-03 ST_CLERK         3500  
                      124            50                                         
                                                                                
        142 Curtis               Davies                                         

EMPLOYEE_ID FIRST_NAME           LAST_NAME                                      
----------- -------------------- -------------------------                      
EMAIL                     PHONE_NUMBER         HIRE_DATE JOB_ID         SALARY  
------------------------- -------------------- --------- ---------- ----------  
COMMISSION_PCT MANAGER_ID DEPARTMENT_ID                                         
-------------- ---------- -------------                                         
CDAVIES                   650.121.2994         29-JAN-05 ST_CLERK         3100  
                      124            50                                         
                                                                                
        143 Randall              Matos                                          
RMATOS                    650.121.2874         15-MAR-06 ST_CLERK         2600  
                      124            50                                         
                                                                                

EMPLOYEE_ID FIRST_NAME           LAST_NAME                                      
----------- -------------------- -------------------------                      
EMAIL                     PHONE_NUMBER         HIRE_DATE JOB_ID         SALARY  
------------------------- -------------------- --------- ---------- ----------  
COMMISSION_PCT MANAGER_ID DEPARTMENT_ID                                         
-------------- ---------- -------------                                         
        144 Peter                Vargas                                         
PVARGAS                   650.121.2004         09-JUL-06 ST_CLERK         2500  
                      124            50                                         
                                                                                
        180 Winston              Taylor                                         
WTAYLOR                   650.507.9876         24-JAN-06 SH_CLERK         3200  
                      120            50                                         

EMPLOYEE_ID FIRST_NAME           LAST_NAME                                      
----------- -------------------- -------------------------                      
EMAIL                     PHONE_NUMBER         HIRE_DATE JOB_ID         SALARY  
------------------------- -------------------- --------- ---------- ----------  
COMMISSION_PCT MANAGER_ID DEPARTMENT_ID                                         
-------------- ---------- -------------                                         
                                                                                
        181 Jean                 Fleaur                                         
JFLEAUR                   650.507.9877         23-FEB-06 SH_CLERK         3100  
                      120            50                                         
                                                                                
        182 Martha               Sullivan                                       
MSULLIVA                  650.507.9878         21-JUN-07 SH_CLERK         2500  

EMPLOYEE_ID FIRST_NAME           LAST_NAME                                      
----------- -------------------- -------------------------                      
EMAIL                     PHONE_NUMBER         HIRE_DATE JOB_ID         SALARY  
------------------------- -------------------- --------- ---------- ----------  
COMMISSION_PCT MANAGER_ID DEPARTMENT_ID                                         
-------------- ---------- -------------                                         
                      120            50                                         
                                                                                
        183 Girard               Geoni                                          
GGEONI                    650.507.9879         03-FEB-08 SH_CLERK         2800  
                      120            50                                         
                                                                                
        184 Nandita              Sarchand                                       

EMPLOYEE_ID FIRST_NAME           LAST_NAME                                      
----------- -------------------- -------------------------                      
EMAIL                     PHONE_NUMBER         HIRE_DATE JOB_ID         SALARY  
------------------------- -------------------- --------- ---------- ----------  
COMMISSION_PCT MANAGER_ID DEPARTMENT_ID                                         
-------------- ---------- -------------                                         
NSARCHAN                  650.509.1876         27-JAN-04 SH_CLERK         4200  
                      121            50                                         
                                                                                
        185 Alexis               Bull                                           
ABULL                     650.509.2876         20-FEB-05 SH_CLERK         4100  
                      121            50                                         
                                                                                

EMPLOYEE_ID FIRST_NAME           LAST_NAME                                      
----------- -------------------- -------------------------                      
EMAIL                     PHONE_NUMBER         HIRE_DATE JOB_ID         SALARY  
------------------------- -------------------- --------- ---------- ----------  
COMMISSION_PCT MANAGER_ID DEPARTMENT_ID                                         
-------------- ---------- -------------                                         
        186 Julia                Dellinger                                      
JDELLING                  650.509.3876         24-JUN-06 SH_CLERK         3400  
                      121            50                                         
                                                                                
        187 Anthony              Cabrio                                         
ACABRIO                   650.509.4876         07-FEB-07 SH_CLERK         3000  
                      121            50                                         

EMPLOYEE_ID FIRST_NAME           LAST_NAME                                      
----------- -------------------- -------------------------                      
EMAIL                     PHONE_NUMBER         HIRE_DATE JOB_ID         SALARY  
------------------------- -------------------- --------- ---------- ----------  
COMMISSION_PCT MANAGER_ID DEPARTMENT_ID                                         
-------------- ---------- -------------                                         
                                                                                
        188 Kelly                Chung                                          
KCHUNG                    650.505.1876         14-JUN-05 SH_CLERK         3800  
                      122            50                                         
                                                                                
        189 Jennifer             Dilly                                          
JDILLY                    650.505.2876         13-AUG-05 SH_CLERK         3600  

EMPLOYEE_ID FIRST_NAME           LAST_NAME                                      
----------- -------------------- -------------------------                      
EMAIL                     PHONE_NUMBER         HIRE_DATE JOB_ID         SALARY  
------------------------- -------------------- --------- ---------- ----------  
COMMISSION_PCT MANAGER_ID DEPARTMENT_ID                                         
-------------- ---------- -------------                                         
                      122            50                                         
                                                                                
        190 Timothy              Gates                                          
TGATES                    650.505.3876         11-JUL-06 SH_CLERK         2900  
                      122            50                                         
                                                                                
        191 Randall              Perkins                                        

EMPLOYEE_ID FIRST_NAME           LAST_NAME                                      
----------- -------------------- -------------------------                      
EMAIL                     PHONE_NUMBER         HIRE_DATE JOB_ID         SALARY  
------------------------- -------------------- --------- ---------- ----------  
COMMISSION_PCT MANAGER_ID DEPARTMENT_ID                                         
-------------- ---------- -------------                                         
RPERKINS                  650.505.4876         19-DEC-07 SH_CLERK         2500  
                      122            50                                         
                                                                                
        192 Sarah                Bell                                           
SBELL                     650.501.1876         04-FEB-04 SH_CLERK         4000  
                      123            50                                         
                                                                                

EMPLOYEE_ID FIRST_NAME           LAST_NAME                                      
----------- -------------------- -------------------------                      
EMAIL                     PHONE_NUMBER         HIRE_DATE JOB_ID         SALARY  
------------------------- -------------------- --------- ---------- ----------  
COMMISSION_PCT MANAGER_ID DEPARTMENT_ID                                         
-------------- ---------- -------------                                         
        193 Britney              Everett                                        
BEVERETT                  650.501.2876         03-MAR-05 SH_CLERK         3900  
                      123            50                                         
                                                                                
        194 Samuel               McCain                                         
SMCCAIN                   650.501.3876         01-JUL-06 SH_CLERK         3200  
                      123            50                                         

EMPLOYEE_ID FIRST_NAME           LAST_NAME                                      
----------- -------------------- -------------------------                      
EMAIL                     PHONE_NUMBER         HIRE_DATE JOB_ID         SALARY  
------------------------- -------------------- --------- ---------- ----------  
COMMISSION_PCT MANAGER_ID DEPARTMENT_ID                                         
-------------- ---------- -------------                                         
                                                                                
        195 Vance                Jones                                          
VJONES                    650.501.4876         17-MAR-07 SH_CLERK         2800  
                      123            50                                         
                                                                                
        196 Alana                Walsh                                          
AWALSH                    650.507.9811         24-APR-06 SH_CLERK         3100  

EMPLOYEE_ID FIRST_NAME           LAST_NAME                                      
----------- -------------------- -------------------------                      
EMAIL                     PHONE_NUMBER         HIRE_DATE JOB_ID         SALARY  
------------------------- -------------------- --------- ---------- ----------  
COMMISSION_PCT MANAGER_ID DEPARTMENT_ID                                         
-------------- ---------- -------------                                         
                      124            50                                         
                                                                                
        197 Kevin                Feeney                                         
KFEENEY                   650.507.9822         23-MAY-06 SH_CLERK         3000  
                      124            50                                         
                                                                                
        198 Donald               OConnell                                       

EMPLOYEE_ID FIRST_NAME           LAST_NAME                                      
----------- -------------------- -------------------------                      
EMAIL                     PHONE_NUMBER         HIRE_DATE JOB_ID         SALARY  
------------------------- -------------------- --------- ---------- ----------  
COMMISSION_PCT MANAGER_ID DEPARTMENT_ID                                         
-------------- ---------- -------------                                         
DOCONNEL                  650.507.9833         21-JUN-07 SH_CLERK         2600  
                      124            50                                         
                                                                                
        199 Douglas              Grant                                          
DGRANT                    650.507.9844         13-JAN-08 SH_CLERK         2600  
                      124            50                                         
                                                                                

56 rows selected.

SQL> /

EMPLOYEE_ID FIRST_NAME           LAST_NAME                                      
----------- -------------------- -------------------------                      
EMAIL                     PHONE_NUMBER         HIRE_DATE JOB_ID         SALARY  
------------------------- -------------------- --------- ---------- ----------  
COMMISSION_PCT MANAGER_ID DEPARTMENT_ID                                         
-------------- ---------- -------------                                         
        103 Alexander            Hunold                                         
AHUNOLD                   590.423.4567         03-JAN-06 IT_PROG          9000  
                      102            60                                         
                                                                                
        104 Bruce                Ernst                                          
BERNST                    590.423.4568         21-MAY-07 IT_PROG          6000  
                      103            60                                         

EMPLOYEE_ID FIRST_NAME           LAST_NAME                                      
----------- -------------------- -------------------------                      
EMAIL                     PHONE_NUMBER         HIRE_DATE JOB_ID         SALARY  
------------------------- -------------------- --------- ---------- ----------  
COMMISSION_PCT MANAGER_ID DEPARTMENT_ID                                         
-------------- ---------- -------------                                         
                                                                                
        105 David                Austin                                         
DAUSTIN                   590.423.4569         25-JUN-05 IT_PROG          4800  
                      103            60                                         
                                                                                
        106 Valli                Pataballa                                      
VPATABAL                  590.423.4560         05-FEB-06 IT_PROG          4800  

EMPLOYEE_ID FIRST_NAME           LAST_NAME                                      
----------- -------------------- -------------------------                      
EMAIL                     PHONE_NUMBER         HIRE_DATE JOB_ID         SALARY  
------------------------- -------------------- --------- ---------- ----------  
COMMISSION_PCT MANAGER_ID DEPARTMENT_ID                                         
-------------- ---------- -------------                                         
                      103            60                                         
                                                                                
        107 Diana                Lorentz                                        
DLORENTZ                  590.423.5567         07-FEB-07 IT_PROG          4200  
                      103            60                                         
                                                                                
        114 Den                  Raphaely                                       

EMPLOYEE_ID FIRST_NAME           LAST_NAME                                      
----------- -------------------- -------------------------                      
EMAIL                     PHONE_NUMBER         HIRE_DATE JOB_ID         SALARY  
------------------------- -------------------- --------- ---------- ----------  
COMMISSION_PCT MANAGER_ID DEPARTMENT_ID                                         
-------------- ---------- -------------                                         
DRAPHEAL                  515.127.4561         07-DEC-02 PU_MAN          11000  
                      100            30                                         
                                                                                
        115 Alexander            Khoo                                           
AKHOO                     515.127.4562         18-MAY-03 PU_CLERK         3100  
                      114            30                                         
                                                                                

EMPLOYEE_ID FIRST_NAME           LAST_NAME                                      
----------- -------------------- -------------------------                      
EMAIL                     PHONE_NUMBER         HIRE_DATE JOB_ID         SALARY  
------------------------- -------------------- --------- ---------- ----------  
COMMISSION_PCT MANAGER_ID DEPARTMENT_ID                                         
-------------- ---------- -------------                                         
        116 Shelli               Baida                                          
SBAIDA                    515.127.4563         24-DEC-05 PU_CLERK         2900  
                      114            30                                         
                                                                                
        117 Sigal                Tobias                                         
STOBIAS                   515.127.4564         24-JUL-05 PU_CLERK         2800  
                      114            30                                         

EMPLOYEE_ID FIRST_NAME           LAST_NAME                                      
----------- -------------------- -------------------------                      
EMAIL                     PHONE_NUMBER         HIRE_DATE JOB_ID         SALARY  
------------------------- -------------------- --------- ---------- ----------  
COMMISSION_PCT MANAGER_ID DEPARTMENT_ID                                         
-------------- ---------- -------------                                         
                                                                                
        118 Guy                  Himuro                                         
GHIMURO                   515.127.4565         15-NOV-06 PU_CLERK         2600  
                      114            30                                         
                                                                                
        119 Karen                Colmenares                                     
KCOLMENA                  515.127.4566         10-AUG-07 PU_CLERK         2500  

EMPLOYEE_ID FIRST_NAME           LAST_NAME                                      
----------- -------------------- -------------------------                      
EMAIL                     PHONE_NUMBER         HIRE_DATE JOB_ID         SALARY  
------------------------- -------------------- --------- ---------- ----------  
COMMISSION_PCT MANAGER_ID DEPARTMENT_ID                                         
-------------- ---------- -------------                                         
                      114            30                                         
                                                                                
        120 Matthew              Weiss                                          
MWEISS                    650.123.1234         18-JUL-04 ST_MAN           8000  
                      100            50                                         
                                                                                
        121 Adam                 Fripp                                          

EMPLOYEE_ID FIRST_NAME           LAST_NAME                                      
----------- -------------------- -------------------------                      
EMAIL                     PHONE_NUMBER         HIRE_DATE JOB_ID         SALARY  
------------------------- -------------------- --------- ---------- ----------  
COMMISSION_PCT MANAGER_ID DEPARTMENT_ID                                         
-------------- ---------- -------------                                         
AFRIPP                    650.123.2234         10-APR-05 ST_MAN           8200  
                      100            50                                         
                                                                                
        122 Payam                Kaufling                                       
PKAUFLIN                  650.123.3234         01-MAY-03 ST_MAN           7900  
                      100            50                                         
                                                                                

EMPLOYEE_ID FIRST_NAME           LAST_NAME                                      
----------- -------------------- -------------------------                      
EMAIL                     PHONE_NUMBER         HIRE_DATE JOB_ID         SALARY  
------------------------- -------------------- --------- ---------- ----------  
COMMISSION_PCT MANAGER_ID DEPARTMENT_ID                                         
-------------- ---------- -------------                                         
        123 Shanta               Vollman                                        
SVOLLMAN                  650.123.4234         10-OCT-05 ST_MAN           6500  
                      100            50                                         
                                                                                
        124 Kevin                Mourgos                                        
KMOURGOS                  650.123.5234         16-NOV-07 ST_MAN           5800  
                      100            50                                         

EMPLOYEE_ID FIRST_NAME           LAST_NAME                                      
----------- -------------------- -------------------------                      
EMAIL                     PHONE_NUMBER         HIRE_DATE JOB_ID         SALARY  
------------------------- -------------------- --------- ---------- ----------  
COMMISSION_PCT MANAGER_ID DEPARTMENT_ID                                         
-------------- ---------- -------------                                         
                                                                                
        125 Julia                Nayer                                          
JNAYER                    650.124.1214         16-JUL-05 ST_CLERK         3200  
                      120            50                                         
                                                                                
        126 Irene                Mikkilineni                                    
IMIKKILI                  650.124.1224         28-SEP-06 ST_CLERK         2700  

EMPLOYEE_ID FIRST_NAME           LAST_NAME                                      
----------- -------------------- -------------------------                      
EMAIL                     PHONE_NUMBER         HIRE_DATE JOB_ID         SALARY  
------------------------- -------------------- --------- ---------- ----------  
COMMISSION_PCT MANAGER_ID DEPARTMENT_ID                                         
-------------- ---------- -------------                                         
                      120            50                                         
                                                                                
        127 James                Landry                                         
JLANDRY                   650.124.1334         14-JAN-07 ST_CLERK         2400  
                      120            50                                         
                                                                                
        128 Steven               Markle                                         

EMPLOYEE_ID FIRST_NAME           LAST_NAME                                      
----------- -------------------- -------------------------                      
EMAIL                     PHONE_NUMBER         HIRE_DATE JOB_ID         SALARY  
------------------------- -------------------- --------- ---------- ----------  
COMMISSION_PCT MANAGER_ID DEPARTMENT_ID                                         
-------------- ---------- -------------                                         
SMARKLE                   650.124.1434         08-MAR-08 ST_CLERK         2200  
                      120            50                                         
                                                                                
        129 Laura                Bissot                                         
LBISSOT                   650.124.5234         20-AUG-05 ST_CLERK         3300  
                      121            50                                         
                                                                                

EMPLOYEE_ID FIRST_NAME           LAST_NAME                                      
----------- -------------------- -------------------------                      
EMAIL                     PHONE_NUMBER         HIRE_DATE JOB_ID         SALARY  
------------------------- -------------------- --------- ---------- ----------  
COMMISSION_PCT MANAGER_ID DEPARTMENT_ID                                         
-------------- ---------- -------------                                         
        130 Mozhe                Atkinson                                       
MATKINSO                  650.124.6234         30-OCT-05 ST_CLERK         2800  
                      121            50                                         
                                                                                
        131 James                Marlow                                         
JAMRLOW                   650.124.7234         16-FEB-05 ST_CLERK         2500  
                      121            50                                         

EMPLOYEE_ID FIRST_NAME           LAST_NAME                                      
----------- -------------------- -------------------------                      
EMAIL                     PHONE_NUMBER         HIRE_DATE JOB_ID         SALARY  
------------------------- -------------------- --------- ---------- ----------  
COMMISSION_PCT MANAGER_ID DEPARTMENT_ID                                         
-------------- ---------- -------------                                         
                                                                                
        132 TJ                   Olson                                          
TJOLSON                   650.124.8234         10-APR-07 ST_CLERK         2100  
                      121            50                                         
                                                                                
        133 Jason                Mallin                                         
JMALLIN                   650.127.1934         14-JUN-04 ST_CLERK         3300  

EMPLOYEE_ID FIRST_NAME           LAST_NAME                                      
----------- -------------------- -------------------------                      
EMAIL                     PHONE_NUMBER         HIRE_DATE JOB_ID         SALARY  
------------------------- -------------------- --------- ---------- ----------  
COMMISSION_PCT MANAGER_ID DEPARTMENT_ID                                         
-------------- ---------- -------------                                         
                      122            50                                         
                                                                                
        134 Michael              Rogers                                         
MROGERS                   650.127.1834         26-AUG-06 ST_CLERK         2900  
                      122            50                                         
                                                                                
        135 Ki                   Gee                                            

EMPLOYEE_ID FIRST_NAME           LAST_NAME                                      
----------- -------------------- -------------------------                      
EMAIL                     PHONE_NUMBER         HIRE_DATE JOB_ID         SALARY  
------------------------- -------------------- --------- ---------- ----------  
COMMISSION_PCT MANAGER_ID DEPARTMENT_ID                                         
-------------- ---------- -------------                                         
KGEE                      650.127.1734         12-DEC-07 ST_CLERK         2400  
                      122            50                                         
                                                                                
        136 Hazel                Philtanker                                     
HPHILTAN                  650.127.1634         06-FEB-08 ST_CLERK         2200  
                      122            50                                         
                                                                                

EMPLOYEE_ID FIRST_NAME           LAST_NAME                                      
----------- -------------------- -------------------------                      
EMAIL                     PHONE_NUMBER         HIRE_DATE JOB_ID         SALARY  
------------------------- -------------------- --------- ---------- ----------  
COMMISSION_PCT MANAGER_ID DEPARTMENT_ID                                         
-------------- ---------- -------------                                         
        137 Renske               Ladwig                                         
RLADWIG                   650.121.1234         14-JUL-03 ST_CLERK         3600  
                      123            50                                         
                                                                                
        138 Stephen              Stiles                                         
SSTILES                   650.121.2034         26-OCT-05 ST_CLERK         3200  
                      123            50                                         

EMPLOYEE_ID FIRST_NAME           LAST_NAME                                      
----------- -------------------- -------------------------                      
EMAIL                     PHONE_NUMBER         HIRE_DATE JOB_ID         SALARY  
------------------------- -------------------- --------- ---------- ----------  
COMMISSION_PCT MANAGER_ID DEPARTMENT_ID                                         
-------------- ---------- -------------                                         
                                                                                
        139 John                 Seo                                            
JSEO                      650.121.2019         12-FEB-06 ST_CLERK         2700  
                      123            50                                         
                                                                                
        140 Joshua               Patel                                          
JPATEL                    650.121.1834         06-APR-06 ST_CLERK         2500  

EMPLOYEE_ID FIRST_NAME           LAST_NAME                                      
----------- -------------------- -------------------------                      
EMAIL                     PHONE_NUMBER         HIRE_DATE JOB_ID         SALARY  
------------------------- -------------------- --------- ---------- ----------  
COMMISSION_PCT MANAGER_ID DEPARTMENT_ID                                         
-------------- ---------- -------------                                         
                      123            50                                         
                                                                                
        141 Trenna               Rajs                                           
TRAJS                     650.121.8009         17-OCT-03 ST_CLERK         3500  
                      124            50                                         
                                                                                
        142 Curtis               Davies                                         

EMPLOYEE_ID FIRST_NAME           LAST_NAME                                      
----------- -------------------- -------------------------                      
EMAIL                     PHONE_NUMBER         HIRE_DATE JOB_ID         SALARY  
------------------------- -------------------- --------- ---------- ----------  
COMMISSION_PCT MANAGER_ID DEPARTMENT_ID                                         
-------------- ---------- -------------                                         
CDAVIES                   650.121.2994         29-JAN-05 ST_CLERK         3100  
                      124            50                                         
                                                                                
        143 Randall              Matos                                          
RMATOS                    650.121.2874         15-MAR-06 ST_CLERK         2600  
                      124            50                                         
                                                                                

EMPLOYEE_ID FIRST_NAME           LAST_NAME                                      
----------- -------------------- -------------------------                      
EMAIL                     PHONE_NUMBER         HIRE_DATE JOB_ID         SALARY  
------------------------- -------------------- --------- ---------- ----------  
COMMISSION_PCT MANAGER_ID DEPARTMENT_ID                                         
-------------- ---------- -------------                                         
        144 Peter                Vargas                                         
PVARGAS                   650.121.2004         09-JUL-06 ST_CLERK         2500  
                      124            50                                         
                                                                                
        180 Winston              Taylor                                         
WTAYLOR                   650.507.9876         24-JAN-06 SH_CLERK         3200  
                      120            50                                         

EMPLOYEE_ID FIRST_NAME           LAST_NAME                                      
----------- -------------------- -------------------------                      
EMAIL                     PHONE_NUMBER         HIRE_DATE JOB_ID         SALARY  
------------------------- -------------------- --------- ---------- ----------  
COMMISSION_PCT MANAGER_ID DEPARTMENT_ID                                         
-------------- ---------- -------------                                         
                                                                                
        181 Jean                 Fleaur                                         
JFLEAUR                   650.507.9877         23-FEB-06 SH_CLERK         3100  
                      120            50                                         
                                                                                
        182 Martha               Sullivan                                       
MSULLIVA                  650.507.9878         21-JUN-07 SH_CLERK         2500  

EMPLOYEE_ID FIRST_NAME           LAST_NAME                                      
----------- -------------------- -------------------------                      
EMAIL                     PHONE_NUMBER         HIRE_DATE JOB_ID         SALARY  
------------------------- -------------------- --------- ---------- ----------  
COMMISSION_PCT MANAGER_ID DEPARTMENT_ID                                         
-------------- ---------- -------------                                         
                      120            50                                         
                                                                                
        183 Girard               Geoni                                          
GGEONI                    650.507.9879         03-FEB-08 SH_CLERK         2800  
                      120            50                                         
                                                                                
        184 Nandita              Sarchand                                       

EMPLOYEE_ID FIRST_NAME           LAST_NAME                                      
----------- -------------------- -------------------------                      
EMAIL                     PHONE_NUMBER         HIRE_DATE JOB_ID         SALARY  
------------------------- -------------------- --------- ---------- ----------  
COMMISSION_PCT MANAGER_ID DEPARTMENT_ID                                         
-------------- ---------- -------------                                         
NSARCHAN                  650.509.1876         27-JAN-04 SH_CLERK         4200  
                      121            50                                         
                                                                                
        185 Alexis               Bull                                           
ABULL                     650.509.2876         20-FEB-05 SH_CLERK         4100  
                      121            50                                         
                                                                                

EMPLOYEE_ID FIRST_NAME           LAST_NAME                                      
----------- -------------------- -------------------------                      
EMAIL                     PHONE_NUMBER         HIRE_DATE JOB_ID         SALARY  
------------------------- -------------------- --------- ---------- ----------  
COMMISSION_PCT MANAGER_ID DEPARTMENT_ID                                         
-------------- ---------- -------------                                         
        186 Julia                Dellinger                                      
JDELLING                  650.509.3876         24-JUN-06 SH_CLERK         3400  
                      121            50                                         
                                                                                
        187 Anthony              Cabrio                                         
ACABRIO                   650.509.4876         07-FEB-07 SH_CLERK         3000  
                      121            50                                         

EMPLOYEE_ID FIRST_NAME           LAST_NAME                                      
----------- -------------------- -------------------------                      
EMAIL                     PHONE_NUMBER         HIRE_DATE JOB_ID         SALARY  
------------------------- -------------------- --------- ---------- ----------  
COMMISSION_PCT MANAGER_ID DEPARTMENT_ID                                         
-------------- ---------- -------------                                         
                                                                                
        188 Kelly                Chung                                          
KCHUNG                    650.505.1876         14-JUN-05 SH_CLERK         3800  
                      122            50                                         
                                                                                
        189 Jennifer             Dilly                                          
JDILLY                    650.505.2876         13-AUG-05 SH_CLERK         3600  

EMPLOYEE_ID FIRST_NAME           LAST_NAME                                      
----------- -------------------- -------------------------                      
EMAIL                     PHONE_NUMBER         HIRE_DATE JOB_ID         SALARY  
------------------------- -------------------- --------- ---------- ----------  
COMMISSION_PCT MANAGER_ID DEPARTMENT_ID                                         
-------------- ---------- -------------                                         
                      122            50                                         
                                                                                
        190 Timothy              Gates                                          
TGATES                    650.505.3876         11-JUL-06 SH_CLERK         2900  
                      122            50                                         
                                                                                
        191 Randall              Perkins                                        

EMPLOYEE_ID FIRST_NAME           LAST_NAME                                      
----------- -------------------- -------------------------                      
EMAIL                     PHONE_NUMBER         HIRE_DATE JOB_ID         SALARY  
------------------------- -------------------- --------- ---------- ----------  
COMMISSION_PCT MANAGER_ID DEPARTMENT_ID                                         
-------------- ---------- -------------                                         
RPERKINS                  650.505.4876         19-DEC-07 SH_CLERK         2500  
                      122            50                                         
                                                                                
        192 Sarah                Bell                                           
SBELL                     650.501.1876         04-FEB-04 SH_CLERK         4000  
                      123            50                                         
                                                                                

EMPLOYEE_ID FIRST_NAME           LAST_NAME                                      
----------- -------------------- -------------------------                      
EMAIL                     PHONE_NUMBER         HIRE_DATE JOB_ID         SALARY  
------------------------- -------------------- --------- ---------- ----------  
COMMISSION_PCT MANAGER_ID DEPARTMENT_ID                                         
-------------- ---------- -------------                                         
        193 Britney              Everett                                        
BEVERETT                  650.501.2876         03-MAR-05 SH_CLERK         3900  
                      123            50                                         
                                                                                
        194 Samuel               McCain                                         
SMCCAIN                   650.501.3876         01-JUL-06 SH_CLERK         3200  
                      123            50                                         

EMPLOYEE_ID FIRST_NAME           LAST_NAME                                      
----------- -------------------- -------------------------                      
EMAIL                     PHONE_NUMBER         HIRE_DATE JOB_ID         SALARY  
------------------------- -------------------- --------- ---------- ----------  
COMMISSION_PCT MANAGER_ID DEPARTMENT_ID                                         
-------------- ---------- -------------                                         
                                                                                
        195 Vance                Jones                                          
VJONES                    650.501.4876         17-MAR-07 SH_CLERK         2800  
                      123            50                                         
                                                                                
        196 Alana                Walsh                                          
AWALSH                    650.507.9811         24-APR-06 SH_CLERK         3100  

EMPLOYEE_ID FIRST_NAME           LAST_NAME                                      
----------- -------------------- -------------------------                      
EMAIL                     PHONE_NUMBER         HIRE_DATE JOB_ID         SALARY  
------------------------- -------------------- --------- ---------- ----------  
COMMISSION_PCT MANAGER_ID DEPARTMENT_ID                                         
-------------- ---------- -------------                                         
                      124            50                                         
                                                                                
        197 Kevin                Feeney                                         
KFEENEY                   650.507.9822         23-MAY-06 SH_CLERK         3000  
                      124            50                                         
                                                                                
        198 Donald               OConnell                                       

EMPLOYEE_ID FIRST_NAME           LAST_NAME                                      
----------- -------------------- -------------------------                      
EMAIL                     PHONE_NUMBER         HIRE_DATE JOB_ID         SALARY  
------------------------- -------------------- --------- ---------- ----------  
COMMISSION_PCT MANAGER_ID DEPARTMENT_ID                                         
-------------- ---------- -------------                                         
DOCONNEL                  650.507.9833         21-JUN-07 SH_CLERK         2600  
                      124            50                                         
                                                                                
        199 Douglas              Grant                                          
DGRANT                    650.507.9844         13-JAN-08 SH_CLERK         2600  
                      124            50                                         
                                                                                

56 rows selected.

SQL> l
  1  select * from employees
  2* where department_id in(30,50,60)
SQL> select last_name , department_id
  2  from employees
  3  where last_name like '%t';

LAST_NAME                 DEPARTMENT_ID                                         
------------------------- -------------                                         
Ernst                                60                                         
Faviet                              100                                         
Bissot                               50                                         
Cambrault                            80                                         
Cambrault                            80                                         
Tuvault                              80                                         
Grant                                                                           
Everett                              50                                         
Grant                                50                                         

9 rows selected.

SQL> select last_name , department_id
  2  from employees
  3  where last_name like '%T';

no rows selected

SQL> select last_name , department_id
  2  from employees
  3  where department_id is null;

LAST_NAME                 DEPARTMENT_ID                                         
------------------------- -------------                                         
Grant                                                                           

SQL> select last_name , department_id
  2  from employees
  3  where last_name like '_o%';

LAST_NAME                 DEPARTMENT_ID                                         
------------------------- -------------                                         
Kochhar                              90                                         
Lorentz                              60                                         
Popp                                100                                         
Tobias                               30                                         
Colmenares                           30                                         
Vollman                              50                                         
Mourgos                              50                                         
Rogers                               50                                         
Doran                                80                                         
Fox                                  80                                         
Johnson                              80                                         

LAST_NAME                 DEPARTMENT_ID                                         
------------------------- -------------                                         
Jones                                50                                         

12 rows selected.

SQL> select last_name , department_id
  2  from employees
  3  where last_name like '_o% 'and department_id=30;

no rows selected

SQL> select first_name, salary
  2  from employees
  3  order by 2 ;

FIRST_NAME               SALARY                                                 
-------------------- ----------                                                 
TJ                         2100                                                 
Steven                     2200                                                 
Hazel                      2200                                                 
James                      2400                                                 
Ki                         2400                                                 
Karen                      2500                                                 
James                      2500                                                 
Joshua                     2500                                                 
Peter                      2500                                                 
Martha                     2500                                                 
Randall                    2500                                                 

FIRST_NAME               SALARY                                                 
-------------------- ----------                                                 
Guy                        2600                                                 
Randall                    2600                                                 
Donald                     2600                                                 
Douglas                    2600                                                 
Irene                      2700                                                 
John                       2700                                                 
Sigal                      2800                                                 
Mozhe                      2800                                                 
Girard                     2800                                                 
Vance                      2800                                                 
Shelli                     2900                                                 

FIRST_NAME               SALARY                                                 
-------------------- ----------                                                 
Michael                    2900                                                 
Timothy                    2900                                                 
Anthony                    3000                                                 
Kevin                      3000                                                 
Alexander                  3100                                                 
Curtis                     3100                                                 
Jean                       3100                                                 
Alana                      3100                                                 
Julia                      3200                                                 
Stephen                    3200                                                 
Winston                    3200                                                 

FIRST_NAME               SALARY                                                 
-------------------- ----------                                                 
Samuel                     3200                                                 
Laura                      3300                                                 
Jason                      3300                                                 
Julia                      3400                                                 
Trenna                     3500                                                 
Renske                     3600                                                 
Jennifer                   3600                                                 
Kelly                      3800                                                 
Britney                    3900                                                 
Sarah                      4000                                                 
Alexis                     4100                                                 

FIRST_NAME               SALARY                                                 
-------------------- ----------                                                 
Diana                      4200                                                 
Nandita                    4200                                                 
Jennifer                   4400                                                 
David                      4800                                                 
Valli                      4800                                                 
Kevin                      5800                                                 
Bruce                      6000                                                 
Pat                        6000                                                 
Sundita                    6100                                                 
Amit                       6200                                                 
Charles                    6200                                                 

FIRST_NAME               SALARY                                                 
-------------------- ----------                                                 
Sundar                     6400                                                 
Shanta                     6500                                                 
Susan                      6500                                                 
David                      6800                                                 
Luis                       6900                                                 
Oliver                     7000                                                 
Sarath                     7000                                                 
Kimberely                  7000                                                 
Mattea                     7200                                                 
Elizabeth                  7300                                                 
William                    7400                                                 

FIRST_NAME               SALARY                                                 
-------------------- ----------                                                 
Nanette                    7500                                                 
Louise                     7500                                                 
Ismael                     7700                                                 
Jose Manuel                7800                                                 
Payam                      7900                                                 
Matthew                    8000                                                 
Christopher                8000                                                 
Lindsey                    8000                                                 
John                       8200                                                 
Adam                       8200                                                 
William                    8300                                                 

FIRST_NAME               SALARY                                                 
-------------------- ----------                                                 
Jack                       8400                                                 
Jonathon                   8600                                                 
Alyssa                     8800                                                 
Alexander                  9000                                                 
Daniel                     9000                                                 
Peter                      9000                                                 
Allan                      9000                                                 
Patrick                    9500                                                 
Danielle                   9500                                                 
David                      9500                                                 
Tayler                     9600                                                 

FIRST_NAME               SALARY                                                 
-------------------- ----------                                                 
Hermann                   10000                                                 
Harrison                  10000                                                 
Janette                   10000                                                 
Peter                     10000                                                 
Clara                     10500                                                 
Eleni                     10500                                                 
Gerald                    11000                                                 
Den                       11000                                                 
Ellen                     11000                                                 
Lisa                      11500                                                 
Alberto                   12000                                                 

FIRST_NAME               SALARY                                                 
-------------------- ----------                                                 
Shelley                   12008                                                 
Nancy                     12008                                                 
Michael                   13000                                                 
Karen                     13500                                                 
John                      14000                                                 
Lex                       17000                                                 
Neena                     17000                                                 
Steven                    24000                                                 

107 rows selected.

SQL> select substr('Oracle',2,3) from dual;

SUB                                                                             
---                                                                             
rac                                                                             

SQL> select substr('Oracle',2) from dual;

SUBST                                                                           
-----                                                                           
racle                                                                           

SQL> select substr('Oracle',-1,1) from dual;

S                                                                               
-                                                                               
e                                                                               

SQL> select substr('Oracle',-1,2) from dual;

S                                                                               
-                                                                               
e                                                                               

SQL> select substr('Oracle',-2,2) from dual;

SU                                                                              
--                                                                              
le                                                                              

SQL> col col1 format a10
SQL> select substr('Oracle',-2,2) from dual;

SU                                                                              
--                                                                              
le                                                                              

SQL> select substr('Oracle',-2,2)col1 from dual;

COL1                                                                            
----------                                                                      
le                                                                              

SQL> set timing on
SQL> select substr('Oracle',-2,2)col1 from dual;

COL1                                                                            
----------                                                                      
le                                                                              

Elapsed: 00:00:00.00
SQL> set timing on
SQL> select substr('Oracle',-1,2) from dual;

S                                                                               
-                                                                               
e                                                                               

Elapsed: 00:00:00.00
SQL> select lpad('Oracle',8,'*') from dual;

LPAD('OR                                                                        
--------                                                                        
**Oracle                                                                        

Elapsed: 00:00:00.01
SQL> set timing off
SQL> select trim('H' from 'HelloWorld') from dual;

TRIM('H'F                                                                       
---------                                                                       
elloWorld                                                                       

SQL> select trim('l' from 'HelloWorld') from dual;

TRIM('L'FR                                                                      
----------                                                                      
HelloWorld                                                                      

SQL> spool off;
SQL> select last_name, hire_date, round((sysdate-hire_date)/7)"weeks" from employes;
select last_name, hire_date, round((sysdate-hire_date)/7)"weeks" from employes
                                                                      *
ERROR at line 1:
ORA-00942: table or view does not exist 


SQL> select last_name, hire_date, round((sysdate-hire_date)/7)"weeks" from employees;

LAST_NAME                 HIRE_DATE      weeks                                  
------------------------- --------- ----------                                  
King                      17-JUN-03        863                                  
Kochhar                   21-SEP-05        745                                  
De Haan                   13-JAN-01        989                                  
Hunold                    03-JAN-06        730                                  
Ernst                     21-MAY-07        658                                  
Austin                    25-JUN-05        757                                  
Pataballa                 05-FEB-06        725                                  
Lorentz                   07-FEB-07        673                                  
Greenberg                 17-AUG-02        906                                  
Faviet                    16-AUG-02        907                                  
Chen                      28-SEP-05        744                                  

LAST_NAME                 HIRE_DATE      weeks                                  
------------------------- --------- ----------                                  
Sciarra                   30-SEP-05        744                                  
Urman                     07-MAR-06        721                                  
Popp                      07-DEC-07        630                                  
Raphaely                  07-DEC-02        890                                  
Khoo                      18-MAY-03        867                                  
Baida                     24-DEC-05        731                                  
Tobias                    24-JUL-05        753                                  
Himuro                    15-NOV-06        685                                  
Colmenares                10-AUG-07        647                                  
Weiss                     18-JUL-04        806                                  
Fripp                     10-APR-05        768                                  

LAST_NAME                 HIRE_DATE      weeks                                  
------------------------- --------- ----------                                  
Kaufling                  01-MAY-03        870                                  
Vollman                   10-OCT-05        742                                  
Mourgos                   16-NOV-07        633                                  
Nayer                     16-JUL-05        754                                  
Mikkilineni               28-SEP-06        692                                  
Landry                    14-JAN-07        676                                  
Markle                    08-MAR-08        616                                  
Bissot                    20-AUG-05        749                                  
Atkinson                  30-OCT-05        739                                  
Marlow                    16-FEB-05        776                                  
Olson                     10-APR-07        664                                  

LAST_NAME                 HIRE_DATE      weeks                                  
------------------------- --------- ----------                                  
Mallin                    14-JUN-04        811                                  
Rogers                    26-AUG-06        696                                  
Gee                       12-DEC-07        629                                  
Philtanker                06-FEB-08        621                                  
Ladwig                    14-JUL-03        859                                  
Stiles                    26-OCT-05        740                                  
Seo                       12-FEB-06        724                                  
Patel                     06-APR-06        717                                  
Rajs                      17-OCT-03        846                                  
Davies                    29-JAN-05        778                                  
Matos                     15-MAR-06        720                                  

LAST_NAME                 HIRE_DATE      weeks                                  
------------------------- --------- ----------                                  
Vargas                    09-JUL-06        703                                  
Russell                   01-OCT-04        796                                  
Partners                  05-JAN-05        782                                  
Errazuriz                 10-MAR-05        773                                  
Cambrault                 15-OCT-07        637                                  
Zlotkey                   29-JAN-08        622                                  
Tucker                    30-JAN-05        778                                  
Bernstein                 24-MAR-05        771                                  
Hall                      20-AUG-05        749                                  
Olsen                     30-MAR-06        718                                  
Cambrault                 09-DEC-06        681                                  

LAST_NAME                 HIRE_DATE      weeks                                  
------------------------- --------- ----------                                  
Tuvault                   23-NOV-07        632                                  
King                      30-JAN-04        831                                  
Sully                     04-MAR-04        826                                  
McEwen                    01-AUG-04        804                                  
Smith                     10-MAR-05        773                                  
Doran                     15-DEC-05        733                                  
Sewall                    03-NOV-06        687                                  
Vishney                   11-NOV-05        738                                  
Greene                    19-MAR-07        667                                  
Marvins                   24-JAN-08        623                                  
Lee                       23-FEB-08        618                                  

LAST_NAME                 HIRE_DATE      weeks                                  
------------------------- --------- ----------                                  
Ande                      24-MAR-08        614                                  
Banda                     21-APR-08        610                                  
Ozer                      11-MAR-05        773                                  
Bloom                     23-MAR-06        719                                  
Fox                       24-JAN-06        727                                  
Smith                     23-FEB-07        671                                  
Bates                     24-MAR-07        666                                  
Kumar                     21-APR-08        610                                  
Abel                      11-MAY-04        816                                  
Hutton                    19-MAR-05        771                                  
Taylor                    24-MAR-06        719                                  

LAST_NAME                 HIRE_DATE      weeks                                  
------------------------- --------- ----------                                  
Livingston                23-APR-06        714                                  
Grant                     24-MAY-07        658                                  
Johnson                   04-JAN-08        626                                  
Taylor                    24-JAN-06        727                                  
Fleaur                    23-FEB-06        723                                  
Sullivan                  21-JUN-07        654                                  
Geoni                     03-FEB-08        621                                  
Sarchand                  27-JAN-04        831                                  
Bull                      20-FEB-05        775                                  
Dellinger                 24-JUN-06        705                                  
Cabrio                    07-FEB-07        673                                  

LAST_NAME                 HIRE_DATE      weeks                                  
------------------------- --------- ----------                                  
Chung                     14-JUN-05        759                                  
Dilly                     13-AUG-05        750                                  
Gates                     11-JUL-06        703                                  
Perkins                   19-DEC-07        628                                  
Bell                      04-FEB-04        830                                  
Everett                   03-MAR-05        774                                  
McCain                    01-JUL-06        704                                  
Jones                     17-MAR-07        667                                  
Walsh                     24-APR-06        714                                  
Feeney                    23-MAY-06        710                                  
OConnell                  21-JUN-07        654                                  

LAST_NAME                 HIRE_DATE      weeks                                  
------------------------- --------- ----------                                  
Grant                     13-JAN-08        624                                  
Whalen                    17-SEP-03        850                                  
Hartstein                 17-FEB-04        828                                  
Fay                       17-AUG-05        750                                  
Mavris                    07-JUN-02        917                                  
Baer                      07-JUN-02        917                                  
Higgins                   07-JUN-02        917                                  
Gietz                     07-JUN-02        917                                  

107 rows selected.

SQL> select months_between(sysdate,'09-DEC-2018') from dual;

MONTHS_BETWEEN(SYSDATE,'09-DEC-2018')                                           
-------------------------------------                                           
                            12.700426                                           

SQL> select add_months(sysdate,5) from dual;

ADD_MONTH                                                                       
---------                                                                       
30-MAY-20                                                                       

SQL> select last_day(sysdate) from dual;

LAST_DAY(                                                                       
---------                                                                       
31-DEC-19                                                                       

SQL> select last_day('09-FEB-2020') from dual;

LAST_DAY(                                                                       
---------                                                                       
29-FEB-20                                                                       

SQL> select next_day(sysdate,'Monday')from dual;

NEXT_DAY(                                                                       
---------                                                                       
06-JAN-20                                                                       

SQL> select round(sysdate) from dual;

ROUND(SYS                                                                       
---------                                                                       
31-DEC-19                                                                       

SQL> select round(sysdate,'year'), trunc(sysdate,'year') from dual;

ROUND(SYS TRUNC(SYS                                                             
--------- ---------                                                             
01-JAN-20 01-JAN-19                                                             

SQL> select round(sysdate,'month'), trunc(sysdate,'month') from dual;

ROUND(SYS TRUNC(SYS                                                             
--------- ---------                                                             
01-JAN-20 01-DEC-19                                                             

SQL> select round(to_date('16-feb-2019'),'month'), trunc(sysdate,'month') from dual;

ROUND(TO_ TRUNC(SYS                                                             
--------- ---------                                                             
01-MAR-19 01-DEC-19                                                             

SQL> select mod(123,3) from dual;

MOD(123,3)                                                                      
----------                                                                      
         0                                                                      

SQL> select mod(125,3) from dual;

MOD(125,3)                                                                      
----------                                                                      
         2                                                                      

SQL> select mod(125,3) from dual;

MOD(125,3)                                                                      
----------                                                                      
         2                                                                      

SQL> select round(890.667) from dual;

ROUND(890.667)                                                                  
--------------                                                                  
           891                                                                  

SQL> select round(890.667,1) from dual;

ROUND(890.667,1)                                                                
----------------                                                                
           890.7                                                                

SQL> select round(89044.667,-1) from dual;

ROUND(89044.667,-1)                                                             
-------------------                                                             
              89040                                                             

SQL> select round(89044.667,-4) from dual;

ROUND(89044.667,-4)                                                             
-------------------                                                             
              90000                                                             

SQL> select trunc(89044.667,-4) from dual;

TRUNC(89044.667,-4)                                                             
-------------------                                                             
              80000                                                             

SQL> select trunc(89044.667,0) from dual;

TRUNC(89044.667,0)                                                              
------------------                                                              
             89044                                                              

SQL> select sysdate from dual;

SYSDATE                                                                         
---------                                                                       
30-DEC-19                                                                       

SQL> select to_char('DDth "of" Month'),sysdate) from dual;
select to_char('DDth "of" Month'),sysdate) from dual
                                         *
ERROR at line 1:
ORA-00923: FROM keyword not found where expected 


SQL> select to_char(sysdate,'DDth "of" Month') from dual;

TO_CHAR(SYSDATE,'                                                               
-----------------                                                               
30TH of December                                                                

SQL> select to_char(sysdate,'ddd') from dual;

TO_                                                                             
---                                                                             
364                                                                             

SQL> select to_char(sysdate,'mm') from dual;

TO                                                                              
--                                                                              
12                                                                              

SQL> select to_char(sysdate,'month') from dual;

TO_CHAR(S                                                                       
---------                                                                       
december                                                                        

SQL> select to_char(sysdate,'y') from dual;

T                                                                               
-                                                                               
9                                                                               

SQL> select to_char(sysdate,'year') from dual;

TO_CHAR(SYSDATE,'YEAR')                                                         
------------------------------------------                                      
twenty nineteen                                                                 

SQL> select to_char(sysdate,'Ddspth') from dual;

TO_CHAR(SYSDAT                                                                  
--------------                                                                  
Thirtieth                                                                       

SQL> spool off;
